{
  "warnings": [
    {
      "file": "/Users/vagrant/git/MobileCenter-SDK-Apple/iOS/MobileCenterPush.framework/Headers/MSPushDelegate.h",
      "line": 6,
      "symbol": "MSPushDelegate",
      "symbol_kind": "sourcekitten.source.lang.objc.decl.protocol",
      "warning": "undocumented"
    },
    {
      "file": "/Users/vagrant/git/MobileCenter-SDK-Apple/iOS/MobileCenterPush.framework/Headers/MSPushNotification.h",
      "line": 3,
      "symbol": "MSPushNotification",
      "symbol_kind": "sourcekitten.source.lang.objc.decl.class",
      "warning": "undocumented"
    }
  ],
  "source_directory": "/Users/vagrant/git/MobileCenterPush"
}